<MsiSync Test="No" xmlns:xsi="http://www.w3.org/2001/XMLSchema-instance" xsi:noNamespaceSchemaLocation="MsiSync.xsd">
    <Log Name="%TEMP%\MsiSync.log.txt" />

    <MsiSource>
        <Directory>c:\NoSuch\ChangeTheXmlConfigurationFileToPointToMsiSourceDirectory!</Directory>
        <MsiReMask>\.MSI$</MsiReMask>
    </MsiSource>

    <Retries>
        <StartupLock Tries="10" Delay="30"  />
        <MsiInUse    Tries="10" Delay="30" />
    </Retries>

    <Install>
        <MsiExec.EXE>
            <QuietSwitches>/qb</QuietSwitches>
            <RebootSwitches>REBOOT=ReallySuppress</RebootSwitches>
            <OtherSwitches></OtherSwitches>
        </MsiExec.EXE>
    </Install>

    <Uninstall>
        <MsiExec.EXE>
            <QuietSwitches>/qb</QuietSwitches>
            <RebootSwitches>REBOOT=ReallySuppress</RebootSwitches>
            <OtherSwitches></OtherSwitches>
        </MsiExec.EXE>
    </Uninstall>

    <Dialogs>
        <!-- Normal operation -->
        <Final             Show="Yes" />
        <FinalNoFilesFound Show="Yes" />
        <FinalNothingDone  Show="No"  />
        <FinalNeedReboot   Show="Yes" />

        <!-- Debug operation (in "test" mode) -->
        <DebugCfgItemFoundInXml    Show="No" />
        <DebugCfgItemNotFoundInXml Show="Yes" />
    </Dialogs>

    <Beeps>
        <AtEndIfNoDialog Number="1" />
    </Beeps>
</MsiSync>
